filename,ocr_text,bounding_boxes,confidences
510YgsLGuAL.jpg,ENErGY | OUILA | YLXDDSOO-S24W | A | B | C | D | E | E | F | 24 | kWh/ioooh | I,"[[[132, 16], [418, 16], [418, 92], [132, 92]], [[15, 109], [141, 109], [141, 149], [15, 149]], [[15, 158], [310, 158], [310, 196], [15, 196]], [[26, 232], [52, 232], [52, 264], [26, 264]], [[28, 298], [56, 298], [56, 332], [28, 332]], [[25, 359], [61, 359], [61, 403], [25, 403]], [[20, 420], [72, 420], [72, 470], [20, 470]], [[23, 489], [65, 489], [65, 531], [23, 531]], [[347, 487], [383, 487], [383, 537], [347, 537]], [[27, 557], [63, 557], [63, 595], [27, 595]], [[18, 726], [94, 726], [94, 774], [18, 774]], [[15, 773], [217, 773], [217, 811], [15, 811]], [[386, 710], [410, 710], [410, 830], [386, 830]]]","[0.4065634844240892, 0.997739908648222, 0.6527838243354238, 0.9980734338064998, 0.9999454028906172, 0.9805128865116473, 0.9867263992795792, 0.9848655492938896, 0.9977869132416153, 0.9959321942835828, 0.8222079591031922, 0.8585390868677345, 0.1287194505678011]"
