filename,ocr_text,bounding_boxes,confidences
51fPgo4gW2L.jpg,4 | (024nch) | 316L Stainless Steel | Net Weight:10g,"[[[662, 64], [830, 64], [830, 140], [662, 140]], [[110, 154], [276, 154], [276, 228], [110, 228]], [[689, 743], [985, 743], [985, 786], [689, 786]], [[382, 900], [626, 900], [626, 948], [382, 948]]]","[0.8001224965412099, 0.6648175257804764, 0.8592334604812165, 0.8955030122836425]"
